0,1,2,3,4,5,6,7,8,9,10,11,12,13,14,15,16,17,18,19,20,21,22,23,24,25
"A. Horford, .G. Hayward, .K. Irving, .J. Brown, .J. Tatum",BOS,1,7.3,14.0,5.0,16.0,31.3,1.0,5.0,20.0,3.0,3.0,100,1.0,7.0,8.0,4.0,2.0,2.0,1.0,1.0,1.0,4.0,3.0,2018-10-16
"G. Hayward, .A. Baynes, .M. Smart, .T. Rozier, .J. Tatum",BOS,1,5.4,11.0,5.0,12.0,41.7,1.0,3.0,33.3,0.0,0.0,0.0,2.0,4.0,6.0,1.0,1.0,2.0,1.0,0.0,1.0,3.0,4.0,2018-10-16
"A. Horford, .K. Irving, .A. Baynes, .J. Brown, .J. Tatum",BOS,1,5.3,14.0,5.0,8.0,62.5,2.0,4.0,50.0,2.0,2.0,100,0.0,4.0,4.0,4.0,2.0,0.0,1.0,1.0,2.0,3.0,2.0,2018-10-16
"A. Horford, .K. Irving, .M. Morris, .M. Smart, .J. Brown",BOS,1,5.3,11.0,4.0,12.0,33.3,2.0,5.0,40.0,1.0,2.0,50.0,3.0,5.0,8.0,4.0,2.0,1.0,0.0,1.0,2.0,1.0,-1.0,2018-10-16
"A. Horford, .G. Hayward, .M. Smart, .T. Rozier, .J. Tatum",BOS,1,4.5,9.0,3.0,5.0,60.0,2.0,3.0,66.7,1.0,2.0,50.0,0.0,5.0,5.0,1.0,2.0,0.0,1.0,0.0,1.0,2.0,5.0,2018-10-16
"K. Irving, .M. Morris, .A. Baynes, .T. Rozier, .J. Brown",BOS,1,4.0,12.0,5.0,9.0,55.6,2.0,6.0,33.3,0.0,0.0,0.0,1.0,3.0,4.0,3.0,0.0,0.0,0.0,0.0,3.0,1.0,6.0,2018-10-16
"M. Morris, .A. Baynes, .M. Smart, .T. Rozier, .J. Tatum",BOS,1,2.9,0.0,0.0,5.0,0.0,0.0,2.0,0.0,0.0,0.0,0.0,0.0,1.0,1.0,0.0,2.0,0.0,0.0,1.0,2.0,0.0,-7.0,2018-10-16
"A. Horford, .K. Irving, .M. Morris, .T. Rozier, .J. Brown",BOS,1,2.2,8.0,3.0,5.0,60.0,0.0,1.0,0.0,2.0,3.0,66.7,0.0,3.0,3.0,1.0,0.0,0.0,1.0,0.0,1.0,2.0,5.0,2018-10-16
"G. Hayward, .M. Morris, .M. Smart, .T. Rozier, .D. Theis",BOS,1,2.0,6.0,3.0,5.0,60.0,0.0,0.0,0.0,0.0,0.0,0.0,1.0,0.0,1.0,0.0,0.0,1.0,0.0,0.0,1.0,0.0,1.0,2018-10-16
"A. Horford, .G. Hayward, .K. Irving, .M. Morris, .J. Brown",BOS,1,1.6,5.0,2.0,4.0,50.0,1.0,2.0,50.0,0.0,0.0,0.0,0.0,0.0,0.0,2.0,0.0,1.0,0.0,0.0,1.0,1.0,-3.0,2018-10-16
"A. Horford, .G. Hayward, .K. Irving, .M. Smart, .J. Tatum",BOS,1,1.5,0.0,0.0,3.0,0.0,0.0,2.0,0.0,0.0,0.0,0.0,0.0,3.0,3.0,0.0,2.0,0.0,0.0,1.0,2.0,1.0,-3.0,2018-10-16
"A. Horford, .K. Irving, .T. Rozier, .J. Brown, .J. Tatum",BOS,1,1.3,4.0,2.0,3.0,66.7,0.0,1.0,0.0,0.0,0.0,0.0,0.0,1.0,1.0,0.0,0.0,0.0,0.0,0.0,1.0,0.0,2.0,2018-10-16
"G. Hayward, .M. Morris, .A. Baynes, .M. Smart, .T. Rozier",BOS,1,1.2,5.0,2.0,4.0,50.0,0.0,2.0,0.0,1.0,2.0,50.0,3.0,1.0,4.0,0.0,0.0,0.0,0.0,0.0,0.0,1.0,5.0,2018-10-16
"A. Horford, .M. Morris, .M. Smart, .T. Rozier, .J. Brown",BOS,1,0.9,2.0,1.0,2.0,50.0,0.0,1.0,0.0,0.0,0.0,0.0,0.0,1.0,1.0,1.0,0.0,0.0,0.0,0.0,0.0,0.0,-1.0,2018-10-16
"B. Wanamaker, .T. Rozier, .G. Yabusele, .S. Ojeleye, .D. Theis",BOS,1,0.8,2.0,1.0,1.0,100,0.0,0.0,0.0,0.0,0.0,0.0,0.0,2.0,2.0,0.0,0.0,0.0,0.0,0.0,0.0,0.0,2.0,2018-10-16
"G. Hayward, .M. Smart, .T. Rozier, .J. Tatum, .D. Theis",BOS,1,0.7,2.0,1.0,2.0,50.0,0.0,0.0,0.0,0.0,0.0,0.0,1.0,1.0,2.0,0.0,0.0,0.0,0.0,0.0,2.0,0.0,0.0,2018-10-16
"M. Smart, .T. Rozier, .G. Yabusele, .S. Ojeleye, .D. Theis",BOS,1,0.6,0.0,0.0,1.0,0.0,0.0,0.0,0.0,0.0,0.0,0.0,0.0,2.0,2.0,0.0,1.0,0.0,0.0,0.0,0.0,0.0,0.0,2018-10-16
"G. Hayward, .K. Irving, .M. Morris, .A. Baynes, .J. Brown",BOS,1,0.4,0.0,0.0,0.0,0.0,0.0,0.0,0.0,0.0,0.0,0.0,0.0,0.0,0.0,0.0,1.0,0.0,0.0,0.0,0.0,1.0,-2.0,2018-10-16
"A. Horford, .G. Hayward, .A. Baynes, .M. Smart, .T. Rozier",BOS,1,0.0,0.0,0.0,0.0,0.0,0.0,0.0,0.0,0.0,0.0,0.0,0.0,0.0,0.0,0.0,0.0,0.0,0.0,0.0,0.0,0.0,0.0,2018-10-16
"A. Horford, .G. Hayward, .K. Irving, .A. Baynes, .M. Smart",BOS,1,0.0,0.0,0.0,0.0,0.0,0.0,0.0,0.0,0.0,0.0,0.0,0.0,0.0,0.0,0.0,0.0,0.0,0.0,0.0,0.0,0.0,0.0,2018-10-16
"A. Horford, .G. Hayward, .K. Irving, .T. Rozier, .J. Tatum",BOS,1,0.0,0.0,0.0,0.0,0.0,0.0,0.0,0.0,0.0,0.0,0.0,0.0,0.0,0.0,0.0,0.0,0.0,0.0,0.0,0.0,0.0,0.0,2018-10-16
"A. Horford, .G. Hayward, .M. Smart, .T. Rozier, .D. Theis",BOS,1,0.0,0.0,0.0,0.0,0.0,0.0,0.0,0.0,0.0,0.0,0.0,0.0,0.0,0.0,0.0,0.0,0.0,0.0,0.0,0.0,0.0,0.0,2018-10-16
"A. Horford, .K. Irving, .A. Baynes, .M. Smart, .J. Brown",BOS,1,0.0,0.0,0.0,0.0,0.0,0.0,0.0,0.0,0.0,0.0,0.0,0.0,0.0,0.0,0.0,0.0,0.0,0.0,0.0,0.0,0.0,0.0,2018-10-16
"A. Horford, .K. Irving, .M. Smart, .T. Rozier, .J. Brown",BOS,1,0.0,0.0,0.0,0.0,0.0,0.0,0.0,0.0,0.0,0.0,0.0,0.0,0.0,0.0,0.0,0.0,0.0,0.0,0.0,0.0,0.0,0.0,2018-10-16
"A. Horford, .M. Morris, .M. Smart, .T. Rozier, .J. Tatum",BOS,1,0.0,0.0,0.0,0.0,0.0,0.0,0.0,0.0,0.0,0.0,0.0,0.0,0.0,0.0,0.0,0.0,0.0,0.0,0.0,0.0,0.0,0.0,2018-10-16
"J. Redick, .R. Covington, .J. Embiid, .D. Saric, .B. Simmons",PHI,1,8.3,19.0,8.0,17.0,47.1,1.0,7.0,14.3,2.0,4.0,50.0,0.0,5.0,5.0,4.0,2.0,1.0,1.0,1.0,5.0,4.0,-9.0,2018-10-16
"R. Covington, .J. Embiid, .D. Saric, .B. Simmons, .M. Fultz",PHI,1,5.2,8.0,4.0,12.0,33.3,0.0,3.0,0.0,0.0,0.0,0.0,2.0,7.0,9.0,2.0,2.0,0.0,1.0,1.0,1.0,1.0,1.0,2018-10-16
"J. Redick, .R. Covington, .J. Embiid, .T. McConnell, .B. Simmons",PHI,1,4.9,13.0,5.0,9.0,55.6,2.0,4.0,50.0,1.0,2.0,50.0,1.0,5.0,6.0,3.0,1.0,2.0,0.0,0.0,3.0,2.0,5.0,2018-10-16
"J. Redick, .J. Embiid, .D. Saric, .T. McConnell, .B. Simmons",PHI,1,4.2,9.0,3.0,6.0,50.0,0.0,1.0,0.0,3.0,4.0,75.0,0.0,7.0,7.0,1.0,2.0,1.0,2.0,0.0,0.0,3.0,9.0,2018-10-16
"J. Redick, .R. Covington, .J. Embiid, .B. Simmons, .M. Fultz",PHI,1,4.1,8.0,4.0,8.0,50.0,0.0,3.0,0.0,0.0,0.0,0.0,0.0,5.0,5.0,3.0,2.0,1.0,1.0,0.0,0.0,1.0,-1.0,2018-10-16
"R. Covington, .J. Embiid, .B. Simmons, .M. Fultz, .L. Shamet",PHI,1,2.8,7.0,3.0,7.0,42.9,1.0,3.0,33.3,0.0,0.0,0.0,1.0,4.0,5.0,1.0,0.0,0.0,0.0,0.0,0.0,1.0,5.0,2018-10-16
"A. Johnson, .R. Covington, .B. Simmons, .M. Fultz, .L. Shamet",PHI,1,2.5,6.0,2.0,4.0,50.0,0.0,0.0,0.0,2.0,3.0,66.7,0.0,1.0,1.0,1.0,0.0,1.0,0.0,0.0,1.0,2.0,0.0,2018-10-16
"A. Johnson, .J. Redick, .R. Covington, .B. Simmons, .M. Fultz",PHI,1,2.4,3.0,1.0,4.0,25.0,0.0,0.0,0.0,1.0,2.0,50.0,0.0,2.0,2.0,0.0,2.0,0.0,0.0,1.0,3.0,1.0,-4.0,2018-10-16
"J. Redick, .J. Embiid, .T. McConnell, .B. Simmons, .M. Fultz",PHI,1,2.3,3.0,1.0,4.0,25.0,1.0,2.0,50.0,0.0,0.0,0.0,0.0,2.0,2.0,1.0,2.0,0.0,0.0,1.0,1.0,0.0,-4.0,2018-10-16
"A. Johnson, .D. Saric, .T. McConnell, .M. Fultz, .L. Shamet",PHI,1,2.0,7.0,2.0,2.0,100,0.0,0.0,0.0,3.0,4.0,75.0,0.0,1.0,1.0,1.0,1.0,0.0,0.0,0.0,0.0,2.0,1.0,2018-10-16
"A. Johnson, .J. Redick, .R. Covington, .T. McConnell, .B. Simmons",PHI,1,1.5,2.0,1.0,4.0,25.0,0.0,1.0,0.0,0.0,0.0,0.0,1.0,1.0,2.0,1.0,0.0,1.0,0.0,0.0,0.0,0.0,2.0,2018-10-16
"J. Embiid, .D. Saric, .T. McConnell, .B. Simmons, .L. Shamet",PHI,1,1.4,0.0,0.0,2.0,0.0,0.0,0.0,0.0,0.0,0.0,0.0,0.0,0.0,0.0,0.0,0.0,0.0,0.0,1.0,1.0,0.0,-2.0,2018-10-16
"J. Redick, .J. Embiid, .D. Saric, .T. McConnell, .M. Fultz",PHI,1,1.2,0.0,0.0,1.0,0.0,0.0,0.0,0.0,0.0,0.0,0.0,0.0,0.0,0.0,0.0,1.0,0.0,0.0,0.0,2.0,0.0,-4.0,2018-10-16
"R. Covington, .J. Embiid, .T. McConnell, .B. Simmons, .L. Shamet",PHI,1,1.1,1.0,0.0,1.0,0.0,0.0,0.0,0.0,1.0,2.0,50.0,0.0,0.0,0.0,0.0,0.0,0.0,0.0,0.0,0.0,1.0,-4.0,2018-10-16
"A. Johnson, .T. McConnell, .F. Korkmaz, .J. Bolden, .L. Shamet",PHI,1,0.8,0.0,0.0,2.0,0.0,0.0,1.0,0.0,0.0,0.0,0.0,0.0,0.0,0.0,0.0,0.0,0.0,0.0,0.0,0.0,0.0,-2.0,2018-10-16
"R. Covington, .J. Embiid, .T. McConnell, .M. Fultz, .L. Shamet",PHI,1,0.8,0.0,0.0,1.0,0.0,0.0,0.0,0.0,0.0,0.0,0.0,1.0,0.0,1.0,0.0,1.0,0.0,0.0,0.0,0.0,0.0,-4.0,2018-10-16
"A. Johnson, .J. Redick, .T. McConnell, .B. Simmons, .M. Fultz",PHI,1,0.7,0.0,0.0,1.0,0.0,0.0,1.0,0.0,0.0,0.0,0.0,0.0,0.0,0.0,0.0,0.0,0.0,0.0,0.0,1.0,0.0,-5.0,2018-10-16
"A. Johnson, .R. Covington, .T. McConnell, .B. Simmons, .L. Shamet",PHI,1,0.7,0.0,0.0,1.0,0.0,0.0,0.0,0.0,0.0,0.0,0.0,0.0,0.0,0.0,0.0,0.0,0.0,0.0,0.0,0.0,1.0,-2.0,2018-10-16
"A. Johnson, .T. McConnell, .B. Simmons, .F. Korkmaz, .J. Bolden",PHI,1,0.6,0.0,0.0,1.0,0.0,0.0,0.0,0.0,0.0,0.0,0.0,0.0,1.0,1.0,0.0,0.0,1.0,0.0,0.0,0.0,0.0,0.0,2018-10-16
"J. Embiid, .D. Saric, .T. McConnell, .M. Fultz, .L. Shamet",PHI,1,0.5,0.0,0.0,0.0,0.0,0.0,0.0,0.0,0.0,0.0,0.0,0.0,0.0,0.0,0.0,0.0,0.0,0.0,0.0,1.0,0.0,-1.0,2018-10-16
"J. Redick, .J. Embiid, .D. Saric, .B. Simmons, .L. Shamet",PHI,1,0.3,1.0,0.0,0.0,0.0,0.0,0.0,0.0,1.0,2.0,50.0,0.0,0.0,0.0,0.0,0.0,0.0,0.0,0.0,1.0,1.0,1.0,2018-10-16
"A. Johnson, .R. Covington, .J. Embiid, .B. Simmons, .M. Fultz",PHI,1,0.0,0.0,0.0,0.0,0.0,0.0,0.0,0.0,0.0,0.0,0.0,0.0,0.0,0.0,0.0,0.0,0.0,0.0,0.0,0.0,0.0,0.0,2018-10-16
"A. Johnson, .R. Covington, .T. McConnell, .B. Simmons, .J. Bolden",PHI,1,0.0,0.0,0.0,0.0,0.0,0.0,0.0,0.0,0.0,0.0,0.0,0.0,0.0,0.0,0.0,0.0,0.0,0.0,0.0,0.0,0.0,0.0,2018-10-16
"A. Johnson, .R. Covington, .T. McConnell, .M. Fultz, .L. Shamet",PHI,1,0.0,0.0,0.0,0.0,0.0,0.0,0.0,0.0,0.0,0.0,0.0,0.0,0.0,0.0,0.0,0.0,0.0,0.0,0.0,0.0,0.0,0.0,2018-10-16
"J. Redick, .J. Embiid, .B. Simmons, .M. Fultz, .L. Shamet",PHI,1,0.0,0.0,0.0,0.0,0.0,0.0,0.0,0.0,0.0,0.0,0.0,0.0,0.0,0.0,0.0,0.0,0.0,0.0,0.0,0.0,0.0,0.0,2018-10-16
"K. Durant, .S. Curry, .K. Thompson, .D. Green, .D. Jones",GSW,1,14.8,32.0,12.0,24.0,50.0,3.0,9.0,33.3,5.0,6.0,83.3,2.0,11.0,13.0,8.0,10.0,3.0,2.0,0.0,10.0,5.0,-10.0,2018-10-16
"K. Durant, .S. Curry, .K. Thompson, .K. Looney, .D. Jones",GSW,1,6.2,15.0,7.0,17.0,41.2,1.0,6.0,16.7,0.0,0.0,0.0,5.0,4.0,9.0,6.0,1.0,1.0,3.0,2.0,3.0,1.0,8.0,2018-10-16
"S. Livingston, .A. Iguodala, .K. Thompson, .D. Green, .Q. Cook",GSW,1,3.0,6.0,2.0,5.0,40.0,1.0,3.0,33.3,1.0,1.0,100,0.0,3.0,3.0,1.0,2.0,1.0,0.0,0.0,2.0,1.0,0.0,2018-10-16
"S. Livingston, .J. Jerebko, .K. Thompson, .Q. Cook, .J. Bell",GSW,1,2.7,4.0,2.0,4.0,50.0,0.0,0.0,0.0,0.0,0.0,0.0,0.0,2.0,2.0,2.0,2.0,0.0,0.0,0.0,4.0,2.0,-4.0,2018-10-16
"A. Iguodala, .K. Durant, .D. Green, .K. Looney, .Q. Cook",GSW,1,2.4,2.0,0.0,3.0,0.0,0.0,0.0,0.0,2.0,2.0,100,0.0,2.0,2.0,0.0,1.0,0.0,0.0,1.0,0.0,2.0,-2.0,2018-10-16
"K. Durant, .S. Curry, .J. Jerebko, .K. Thompson, .K. Looney",GSW,1,2.3,6.0,3.0,7.0,42.9,0.0,0.0,0.0,0.0,0.0,0.0,2.0,3.0,5.0,1.0,0.0,0.0,1.0,1.0,0.0,0.0,2.0,2018-10-16
"S. Livingston, .K. Durant, .S. Curry, .D. Green, .D. Jones",GSW,1,2.3,4.0,2.0,5.0,40.0,0.0,1.0,0.0,0.0,0.0,0.0,1.0,3.0,4.0,1.0,1.0,0.0,0.0,0.0,1.0,1.0,1.0,2018-10-16
"A. Iguodala, .K. Durant, .S. Curry, .D. Green, .K. Looney",GSW,1,2.2,9.0,4.0,6.0,66.7,1.0,1.0,100,0.0,0.0,0.0,2.0,2.0,4.0,4.0,0.0,0.0,0.0,0.0,1.0,1.0,6.0,2018-10-16
"K. Durant, .S. Curry, .D. Green, .D. Jones, .A. McKinnie",GSW,1,2.0,4.0,1.0,3.0,33.3,0.0,1.0,0.0,2.0,2.0,100,0.0,2.0,2.0,1.0,1.0,0.0,0.0,0.0,0.0,1.0,-1.0,2018-10-16
"K. Durant, .S. Curry, .K. Thompson, .D. Green, .K. Looney",GSW,1,2.0,9.0,3.0,3.0,100,0.0,0.0,0.0,3.0,3.0,100,0.0,0.0,0.0,2.0,0.0,1.0,0.0,0.0,1.0,2.0,6.0,2018-10-16
"S. Livingston, .K. Durant, .S. Curry, .D. Green, .K. Looney",GSW,1,2.0,5.0,2.0,3.0,66.7,1.0,1.0,100,0.0,0.0,0.0,0.0,4.0,4.0,1.0,2.0,0.0,0.0,0.0,3.0,1.0,2.0,2018-10-16
"S. Livingston, .A. Iguodala, .K. Thompson, .Q. Cook, .J. Bell",GSW,1,1.8,4.0,1.0,2.0,50.0,0.0,1.0,0.0,2.0,2.0,100,1.0,0.0,1.0,0.0,1.0,0.0,1.0,0.0,0.0,2.0,-3.0,2018-10-16
"K. Durant, .J. Jerebko, .K. Thompson, .Q. Cook, .J. Bell",GSW,1,1.3,2.0,0.0,3.0,0.0,0.0,2.0,0.0,2.0,2.0,100,1.0,1.0,2.0,0.0,0.0,0.0,0.0,1.0,1.0,1.0,2.0,2018-10-16
"S. Livingston, .A. Iguodala, .S. Curry, .K. Thompson, .K. Looney",GSW,1,1.1,2.0,1.0,4.0,25.0,0.0,0.0,0.0,0.0,0.0,0.0,1.0,2.0,3.0,0.0,0.0,0.0,0.0,1.0,2.0,1.0,1.0,2018-10-16
"S. Livingston, .S. Curry, .D. Green, .Q. Cook, .J. Bell",GSW,1,1.0,2.0,1.0,4.0,25.0,0.0,0.0,0.0,0.0,0.0,0.0,2.0,1.0,3.0,1.0,0.0,0.0,0.0,0.0,0.0,0.0,-1.0,2018-10-16
"S. Livingston, .S. Curry, .D. Green, .Q. Cook, .D. Jones",GSW,1,0.8,2.0,1.0,2.0,50.0,0.0,1.0,0.0,0.0,0.0,0.0,0.0,1.0,1.0,0.0,0.0,1.0,0.0,0.0,1.0,0.0,1.0,2018-10-16
"K. Durant, .D. Green, .Q. Cook, .D. Jones, .A. McKinnie",GSW,1,0.4,0.0,0.0,0.0,0.0,0.0,0.0,0.0,0.0,0.0,0.0,0.0,0.0,0.0,0.0,0.0,0.0,0.0,0.0,0.0,0.0,0.0,2018-10-16
"A. Iguodala, .K. Durant, .S. Curry, .K. Looney, .D. Jones",GSW,1,0.0,0.0,0.0,0.0,0.0,0.0,0.0,0.0,0.0,0.0,0.0,0.0,0.0,0.0,0.0,0.0,0.0,0.0,0.0,0.0,0.0,0.0,2018-10-16
"K. Durant, .S. Curry, .D. Green, .K. Looney, .D. Jones",GSW,1,0.0,0.0,0.0,0.0,0.0,0.0,0.0,0.0,0.0,0.0,0.0,0.0,0.0,0.0,0.0,0.0,0.0,0.0,0.0,0.0,0.0,0.0,2018-10-16
"K. Durant, .S. Curry, .J. Jerebko, .K. Thompson, .Q. Cook",GSW,1,0.0,0.0,0.0,0.0,0.0,0.0,0.0,0.0,0.0,0.0,0.0,0.0,0.0,0.0,0.0,0.0,0.0,0.0,0.0,0.0,0.0,0.0,2018-10-16
"S. Livingston, .A. Iguodala, .S. Curry, .K. Thompson, .Q. Cook",GSW,1,0.0,0.0,0.0,0.0,0.0,0.0,0.0,0.0,0.0,0.0,0.0,0.0,0.0,0.0,0.0,0.0,0.0,0.0,0.0,0.0,0.0,0.0,2018-10-16
"S. Livingston, .K. Durant, .S. Curry, .K. Thompson, .D. Green",GSW,1,0.0,0.0,0.0,0.0,0.0,0.0,0.0,0.0,0.0,0.0,0.0,0.0,0.0,0.0,0.0,0.0,0.0,0.0,0.0,0.0,0.0,0.0,2018-10-16
"S. Livingston, .K. Durant, .S. Curry, .K. Thompson, .K. Looney",GSW,1,0.0,0.0,0.0,0.0,0.0,0.0,0.0,0.0,0.0,0.0,0.0,0.0,0.0,0.0,0.0,0.0,0.0,0.0,0.0,0.0,0.0,0.0,2018-10-16
"P. George, .P. Patterson, .D. Schroder, .S. Adams, .T. Ferguson",OKC,1,16.5,43.0,14.0,33.0,42.4,5.0,14.0,35.7,10.0,13.0,76.9,7.0,9.0,16.0,10.0,7.0,8.0,1.0,3.0,6.0,10.0,1.0,2018-10-16
"P. George, .D. Schroder, .S. Adams, .A. Abrines, .J. Grant",OKC,1,8.3,10.0,4.0,13.0,30.8,0.0,2.0,0.0,2.0,4.0,50.0,1.0,5.0,6.0,0.0,2.0,0.0,2.0,2.0,2.0,4.0,-14.0,2018-10-16
"R. Felton, .N. Noel, .A. Abrines, .J. Grant, .H. Diallo",OKC,1,7.3,14.0,4.0,11.0,36.4,0.0,4.0,0.0,6.0,10.0,60.0,1.0,5.0,6.0,4.0,2.0,2.0,1.0,1.0,5.0,7.0,0.0,2018-10-16
"P. George, .D. Schroder, .S. Adams, .J. Grant, .T. Ferguson",OKC,1,7.1,12.0,3.0,12.0,25.0,2.0,5.0,40.0,4.0,6.0,66.7,2.0,4.0,6.0,3.0,2.0,1.0,1.0,1.0,4.0,6.0,0.0,2018-10-16
"R. Felton, .P. George, .N. Noel, .A. Abrines, .J. Grant",OKC,1,4.2,8.0,3.0,10.0,30.0,1.0,7.0,14.3,1.0,2.0,50.0,2.0,5.0,7.0,2.0,1.0,0.0,1.0,0.0,2.0,1.0,2.0,2018-10-16
"R. Felton, .P. Patterson, .S. Adams, .A. Abrines, .T. Ferguson",OKC,1,1.5,3.0,1.0,4.0,25.0,1.0,2.0,50.0,0.0,0.0,0.0,0.0,1.0,1.0,1.0,0.0,0.0,0.0,0.0,0.0,0.0,1.0,2018-10-16
"D. Schroder, .S. Adams, .A. Abrines, .J. Grant, .H. Diallo",OKC,1,1.3,7.0,3.0,6.0,50.0,1.0,2.0,50.0,0.0,0.0,0.0,3.0,0.0,3.0,1.0,0.0,1.0,0.0,0.0,1.0,0.0,5.0,2018-10-16
"R. Felton, .P. George, .N. Noel, .J. Grant, .T. Ferguson",OKC,1,0.9,0.0,0.0,1.0,0.0,0.0,1.0,0.0,0.0,0.0,0.0,0.0,0.0,0.0,0.0,0.0,0.0,0.0,0.0,0.0,0.0,-4.0,2018-10-16
"P. Patterson, .D. Schroder, .S. Adams, .A. Abrines, .T. Ferguson",OKC,1,0.5,2.0,1.0,1.0,100,0.0,0.0,0.0,0.0,0.0,0.0,0.0,0.0,0.0,0.0,0.0,0.0,0.0,0.0,0.0,0.0,2.0,2018-10-16
"P. George, .P. Patterson, .D. Schroder, .S. Adams, .A. Abrines",OKC,1,0.4,1.0,0.0,0.0,0.0,0.0,0.0,0.0,1.0,2.0,50.0,0.0,0.0,0.0,0.0,1.0,0.0,0.0,0.0,1.0,1.0,-1.0,2018-10-16
"N. Noel, .S. Adams, .A. Abrines, .J. Grant, .H. Diallo",OKC,1,0.0,0.0,0.0,0.0,0.0,0.0,0.0,0.0,0.0,0.0,0.0,0.0,0.0,0.0,0.0,0.0,0.0,0.0,0.0,0.0,0.0,0.0,2018-10-16
"P. George, .P. Patterson, .D. Schroder, .S. Adams, .J. Grant",OKC,1,0.0,0.0,0.0,0.0,0.0,0.0,0.0,0.0,0.0,0.0,0.0,0.0,0.0,0.0,0.0,0.0,0.0,0.0,0.0,0.0,0.0,0.0,2018-10-16
"P. George, .S. Adams, .A. Abrines, .J. Grant, .H. Diallo",OKC,1,0.0,0.0,0.0,0.0,0.0,0.0,0.0,0.0,0.0,0.0,0.0,0.0,0.0,0.0,0.0,0.0,0.0,0.0,0.0,0.0,0.0,0.0,2018-10-16
"R. Felton, .P. George, .D. Schroder, .A. Abrines, .J. Grant",OKC,1,0.0,0.0,0.0,0.0,0.0,0.0,0.0,0.0,0.0,0.0,0.0,0.0,0.0,0.0,0.0,0.0,0.0,0.0,0.0,0.0,0.0,0.0,2018-10-16
"R. Felton, .P. George, .D. Schroder, .J. Grant, .T. Ferguson",OKC,1,0.0,0.0,0.0,0.0,0.0,0.0,0.0,0.0,0.0,0.0,0.0,0.0,0.0,0.0,0.0,0.0,0.0,0.0,0.0,0.0,0.0,0.0,2018-10-16
"M. Williams, .N. Batum, .K. Walker, .J. Lamb, .C. Zeller",CHA,1,9.3,15.0,6.0,19.0,31.6,3.0,8.0,37.5,0.0,0.0,0.0,0.0,5.0,5.0,4.0,1.0,2.0,2.0,1.0,4.0,3.0,-11.0,2018-10-17
"T. Parker, .N. Batum, .K. Walker, .M. Kidd-Gilchrist, .M. Monk",CHA,1,7.3,21.0,7.0,12.0,58.3,4.0,5.0,80.0,3.0,4.0,75.0,1.0,6.0,7.0,4.0,2.0,0.0,4.0,0.0,1.0,5.0,8.0,2018-10-17
"N. Batum, .K. Walker, .J. Lamb, .C. Zeller, .M. Monk",CHA,1,4.0,13.0,5.0,10.0,50.0,1.0,4.0,25.0,2.0,2.0,100,2.0,2.0,4.0,3.0,1.0,1.0,0.0,0.0,1.0,3.0,3.0,2018-10-17
"T. Parker, .M. Kidd-Gilchrist, .W. Hernangomez, .M. Monk, .M. Bridges",CHA,1,3.8,11.0,4.0,7.0,57.1,1.0,1.0,100,2.0,2.0,100,0.0,2.0,2.0,2.0,1.0,1.0,1.0,0.0,2.0,1.0,6.0,2018-10-17
"T. Parker, .M. Williams, .C. Zeller, .M. Monk, .M. Bridges",CHA,1,3.1,6.0,2.0,5.0,40.0,1.0,2.0,50.0,1.0,2.0,50.0,0.0,2.0,2.0,1.0,0.0,0.0,0.0,0.0,1.0,1.0,-4.0,2018-10-17
"M. Williams, .K. Walker, .J. Lamb, .C. Zeller, .M. Bridges",CHA,1,2.6,6.0,3.0,5.0,60.0,0.0,1.0,0.0,0.0,0.0,0.0,0.0,3.0,3.0,1.0,1.0,0.0,0.0,0.0,1.0,0.0,1.0,2018-10-17
"M. Williams, .N. Batum, .K. Walker, .W. Hernangomez, .M. Monk",CHA,1,2.6,8.0,2.0,7.0,28.6,1.0,3.0,33.3,3.0,4.0,75.0,3.0,3.0,6.0,0.0,0.0,0.0,0.0,0.0,2.0,2.0,5.0,2018-10-17
"M. Williams, .N. Batum, .K. Walker, .M. Kidd-Gilchrist, .J. Lamb",CHA,1,2.4,9.0,3.0,6.0,50.0,2.0,4.0,50.0,1.0,2.0,50.0,2.0,1.0,3.0,2.0,0.0,1.0,0.0,1.0,1.0,2.0,4.0,2018-10-17
"N. Batum, .K. Walker, .M. Kidd-Gilchrist, .J. Lamb, .M. Monk",CHA,1,2.4,3.0,1.0,5.0,20.0,1.0,3.0,33.3,0.0,1.0,0.0,1.0,1.0,2.0,0.0,1.0,0.0,0.0,0.0,1.0,2.0,-3.0,2018-10-17
"M. Williams, .K. Walker, .C. Zeller, .M. Monk, .M. Bridges",CHA,1,2.0,5.0,2.0,4.0,50.0,1.0,3.0,33.3,0.0,0.0,0.0,0.0,1.0,1.0,1.0,0.0,1.0,0.0,0.0,1.0,0.0,0.0,2018-10-17
"N. Batum, .K. Walker, .M. Kidd-Gilchrist, .W. Hernangomez, .M. Monk",CHA,1,1.6,2.0,1.0,2.0,50.0,0.0,0.0,0.0,0.0,0.0,0.0,0.0,0.0,0.0,1.0,1.0,0.0,0.0,1.0,1.0,1.0,-6.0,2018-10-17
"T. Parker, .K. Walker, .M. Kidd-Gilchrist, .W. Hernangomez, .M. Monk",CHA,1,1.6,2.0,1.0,3.0,33.3,0.0,2.0,0.0,0.0,0.0,0.0,0.0,1.0,1.0,0.0,0.0,0.0,0.0,0.0,1.0,1.0,-5.0,2018-10-17
"T. Parker, .K. Walker, .W. Hernangomez, .M. Monk, .M. Bridges",CHA,1,1.5,4.0,2.0,2.0,100,0.0,0.0,0.0,0.0,0.0,0.0,0.0,1.0,1.0,1.0,2.0,1.0,0.0,0.0,1.0,0.0,0.0,2018-10-17
"T. Parker, .M. Williams, .N. Batum, .M. Kidd-Gilchrist, .M. Monk",CHA,1,1.5,0.0,0.0,1.0,0.0,0.0,1.0,0.0,0.0,2.0,0.0,0.0,1.0,1.0,0.0,1.0,0.0,1.0,0.0,0.0,1.0,-2.0,2018-10-17
"T. Parker, .M. Williams, .W. Hernangomez, .M. Monk, .M. Bridges",CHA,1,1.0,2.0,1.0,2.0,50.0,0.0,0.0,0.0,0.0,1.0,0.0,0.0,1.0,1.0,1.0,0.0,0.0,0.0,0.0,0.0,2.0,0.0,2018-10-17
"M. Williams, .N. Batum, .K. Walker, .M. Kidd-Gilchrist, .M. Monk",CHA,1,0.6,0.0,0.0,1.0,0.0,0.0,0.0,0.0,0.0,0.0,0.0,0.0,1.0,1.0,0.0,0.0,0.0,1.0,1.0,1.0,0.0,-2.0,2018-10-17
"M. Williams, .K. Walker, .M. Kidd-Gilchrist, .M. Monk, .M. Bridges",CHA,1,0.5,3.0,1.0,1.0,100,1.0,1.0,100,0.0,0.0,0.0,0.0,1.0,1.0,0.0,0.0,0.0,0.0,0.0,0.0,0.0,3.0,2018-10-17
"M. Williams, .N. Batum, .K. Walker, .M. Kidd-Gilchrist, .W. Hernangomez",CHA,1,0.1,0.0,0.0,0.0,0.0,0.0,0.0,0.0,0.0,0.0,0.0,0.0,0.0,0.0,0.0,0.0,1.0,0.0,0.0,0.0,0.0,0.0,2018-10-17
"T. Parker, .M. Williams, .K. Walker, .W. Hernangomez, .M. Monk",CHA,1,0.1,2.0,0.0,0.0,0.0,0.0,0.0,0.0,2.0,2.0,100,0.0,0.0,0.0,0.0,0.0,0.0,0.0,0.0,0.0,1.0,2.0,2018-10-17
"K. Walker, .M. Kidd-Gilchrist, .W. Hernangomez, .M. Monk, .M. Bridges",CHA,1,0.0,0.0,0.0,0.0,0.0,0.0,0.0,0.0,0.0,0.0,0.0,0.0,0.0,0.0,0.0,0.0,0.0,0.0,0.0,0.0,0.0,0.0,2018-10-17
"M. Williams, .C. Zeller, .W. Hernangomez, .M. Monk, .M. Bridges",CHA,1,0.0,0.0,0.0,0.0,0.0,0.0,0.0,0.0,0.0,0.0,0.0,0.0,0.0,0.0,0.0,0.0,0.0,0.0,0.0,0.0,0.0,0.0,2018-10-17
"M. Williams, .K. Walker, .M. Kidd-Gilchrist, .J. Lamb, .C. Zeller",CHA,1,0.0,0.0,0.0,0.0,0.0,0.0,0.0,0.0,0.0,0.0,0.0,0.0,0.0,0.0,0.0,0.0,0.0,0.0,0.0,0.0,0.0,0.0,2018-10-17
"M. Williams, .K. Walker, .W. Hernangomez, .M. Monk, .M. Bridges",CHA,1,0.0,0.0,0.0,0.0,0.0,0.0,0.0,0.0,0.0,0.0,0.0,0.0,0.0,0.0,0.0,0.0,0.0,0.0,0.0,0.0,0.0,0.0,2018-10-17
"N. Batum, .K. Walker, .C. Zeller, .W. Hernangomez, .M. Monk",CHA,1,0.0,0.0,0.0,0.0,0.0,0.0,0.0,0.0,0.0,0.0,0.0,0.0,0.0,0.0,0.0,0.0,0.0,0.0,0.0,0.0,0.0,0.0,2018-10-17
"N. Batum, .K. Walker, .J. Lamb, .C. Zeller, .W. Hernangomez",CHA,1,0.0,0.0,0.0,0.0,0.0,0.0,0.0,0.0,0.0,0.0,0.0,0.0,0.0,0.0,0.0,0.0,0.0,0.0,0.0,0.0,0.0,0.0,2018-10-17
"B. Lopez, .E. Bledsoe, .K. Middleton, .G. Antetokounmpo, .M. Brogdon",MIL,1,9.3,26.0,9.0,18.0,50.0,4.0,9.0,44.4,4.0,5.0,80.0,4.0,13.0,17.0,7.0,5.0,1.0,1.0,2.0,3.0,4.0,11.0,2018-10-17
"E. Ilyasova, .E. Bledsoe, .K. Middleton, .G. Antetokounmpo, .M. Brogdon",MIL,1,7.4,14.0,4.0,11.0,36.4,1.0,3.0,33.3,5.0,6.0,83.3,1.0,5.0,6.0,1.0,4.0,2.0,1.0,4.0,6.0,3.0,-1.0,2018-10-17
"E. Ilyasova, .B. Lopez, .E. Bledsoe, .K. Middleton, .M. Brogdon",MIL,1,4.6,10.0,4.0,8.0,50.0,2.0,4.0,50.0,0.0,0.0,0.0,0.0,4.0,4.0,1.0,1.0,0.0,0.0,0.0,0.0,2.0,-1.0,2018-10-17
"E. Ilyasova, .B. Lopez, .G. Antetokounmpo, .M. Brogdon, .D. DiVincenzo",MIL,1,4.5,10.0,5.0,10.0,50.0,0.0,3.0,0.0,0.0,0.0,0.0,0.0,6.0,6.0,4.0,1.0,1.0,0.0,2.0,3.0,0.0,-3.0,2018-10-17
"J. Henson, .T. Snell, .G. Antetokounmpo, .M. Brogdon, .D. DiVincenzo",MIL,1,4.0,14.0,5.0,7.0,71.4,2.0,3.0,66.7,2.0,2.0,100,0.0,3.0,3.0,2.0,1.0,1.0,0.0,0.0,1.0,2.0,6.0,2018-10-17
"E. Ilyasova, .J. Henson, .G. Antetokounmpo, .M. Brogdon, .D. DiVincenzo",MIL,1,3.0,8.0,3.0,5.0,60.0,1.0,1.0,100,1.0,2.0,50.0,1.0,2.0,3.0,2.0,2.0,0.0,0.0,0.0,1.0,1.0,2.0,2018-10-17
"E. Ilyasova, .E. Bledsoe, .J. Henson, .K. Middleton, .D. DiVincenzo",MIL,1,2.0,8.0,3.0,4.0,75.0,2.0,2.0,100,0.0,0.0,0.0,0.0,2.0,2.0,1.0,0.0,0.0,1.0,1.0,1.0,1.0,4.0,2018-10-17
"T. Snell, .G. Antetokounmpo, .C. Wood, .M. Brogdon, .D. DiVincenzo",MIL,1,2.0,4.0,2.0,6.0,33.3,0.0,4.0,0.0,0.0,2.0,0.0,3.0,2.0,5.0,1.0,0.0,0.0,0.0,0.0,0.0,1.0,-1.0,2018-10-17
"E. Bledsoe, .K. Middleton, .T. Snell, .G. Antetokounmpo, .C. Wood",MIL,1,1.9,5.0,2.0,2.0,100,1.0,1.0,100,0.0,0.0,0.0,0.0,1.0,1.0,2.0,1.0,0.0,0.0,0.0,1.0,0.0,-3.0,2018-10-17
"E. Ilyasova, .E. Bledsoe, .J. Henson, .M. Brogdon, .D. DiVincenzo",MIL,1,1.7,2.0,1.0,4.0,25.0,0.0,0.0,0.0,0.0,0.0,0.0,2.0,3.0,5.0,1.0,2.0,0.0,0.0,0.0,1.0,0.0,-3.0,2018-10-17
"E. Ilyasova, .B. Lopez, .E. Bledsoe, .K. Middleton, .T. Snell",MIL,1,1.6,5.0,1.0,3.0,33.3,0.0,1.0,0.0,3.0,3.0,100,0.0,2.0,2.0,1.0,1.0,0.0,0.0,0.0,1.0,1.0,3.0,2018-10-17
"E. Ilyasova, .E. Bledsoe, .K. Middleton, .M. Brogdon, .D. DiVincenzo",MIL,1,1.2,0.0,0.0,1.0,0.0,0.0,0.0,0.0,0.0,0.0,0.0,0.0,0.0,0.0,0.0,0.0,0.0,0.0,0.0,1.0,1.0,-5.0,2018-10-17
"E. Ilyasova, .E. Bledsoe, .K. Middleton, .G. Antetokounmpo, .D. DiVincenzo",MIL,1,1.0,2.0,1.0,2.0,50.0,0.0,1.0,0.0,0.0,0.0,0.0,0.0,1.0,1.0,1.0,0.0,0.0,0.0,0.0,2.0,0.0,0.0,2018-10-17
"E. Ilyasova, .E. Bledsoe, .K. Middleton, .T. Snell, .C. Wood",MIL,1,1.0,2.0,1.0,2.0,50.0,0.0,1.0,0.0,0.0,0.0,0.0,0.0,0.0,0.0,1.0,0.0,0.0,1.0,0.0,1.0,2.0,1.0,2018-10-17
"E. Ilyasova, .B. Lopez, .E. Bledsoe, .K. Middleton, .D. DiVincenzo",MIL,1,0.8,0.0,0.0,0.0,0.0,0.0,0.0,0.0,0.0,0.0,0.0,0.0,0.0,0.0,0.0,1.0,0.0,0.0,0.0,2.0,0.0,-5.0,2018-10-17
"J. Henson, .K. Middleton, .T. Snell, .G. Antetokounmpo, .D. DiVincenzo",MIL,1,0.7,0.0,0.0,1.0,0.0,0.0,0.0,0.0,0.0,0.0,0.0,0.0,1.0,1.0,0.0,1.0,0.0,0.0,0.0,0.0,0.0,-3.0,2018-10-17
"B. Lopez, .E. Bledsoe, .K. Middleton, .G. Antetokounmpo, .D. DiVincenzo",MIL,1,0.6,3.0,1.0,1.0,100,1.0,1.0,100,0.0,0.0,0.0,0.0,1.0,1.0,1.0,1.0,0.0,0.0,0.0,0.0,0.0,3.0,2018-10-17
"E. Bledsoe, .J. Henson, .K. Middleton, .G. Antetokounmpo, .D. DiVincenzo",MIL,1,0.4,0.0,0.0,0.0,0.0,0.0,0.0,0.0,0.0,0.0,0.0,0.0,0.0,0.0,0.0,0.0,0.0,0.0,0.0,0.0,0.0,0.0,2018-10-17
"E. Ilyasova, .J. Henson, .K. Middleton, .M. Brogdon, .D. DiVincenzo",MIL,1,0.3,0.0,0.0,0.0,0.0,0.0,0.0,0.0,0.0,0.0,0.0,0.0,0.0,0.0,0.0,0.0,0.0,0.0,0.0,0.0,1.0,-2.0,2018-10-17
"J. Henson, .T. Snell, .M. Brogdon, .S. Brown, .D. DiVincenzo",MIL,1,0.1,0.0,0.0,0.0,0.0,0.0,0.0,0.0,0.0,0.0,0.0,0.0,0.0,0.0,0.0,0.0,0.0,0.0,0.0,1.0,0.0,-2.0,2018-10-17
"B. Lopez, .E. Bledsoe, .K. Middleton, .M. Brogdon, .D. DiVincenzo",MIL,1,0.0,0.0,0.0,0.0,0.0,0.0,0.0,0.0,0.0,0.0,0.0,0.0,0.0,0.0,0.0,0.0,0.0,0.0,0.0,0.0,0.0,0.0,2018-10-17
"E. Bledsoe, .T. Snell, .G. Antetokounmpo, .C. Wood, .M. Brogdon",MIL,1,0.0,0.0,0.0,0.0,0.0,0.0,0.0,0.0,0.0,0.0,0.0,0.0,0.0,0.0,0.0,0.0,0.0,0.0,0.0,0.0,0.0,0.0,2018-10-17
"E. Ilyasova, .B. Lopez, .E. Bledsoe, .G. Antetokounmpo, .M. Brogdon",MIL,1,0.0,0.0,0.0,0.0,0.0,0.0,0.0,0.0,0.0,0.0,0.0,0.0,0.0,0.0,0.0,0.0,0.0,0.0,0.0,0.0,0.0,0.0,2018-10-17
"E. Ilyasova, .B. Lopez, .K. Middleton, .G. Antetokounmpo, .D. DiVincenzo",MIL,1,0.0,0.0,0.0,0.0,0.0,0.0,0.0,0.0,0.0,0.0,0.0,0.0,0.0,0.0,0.0,0.0,0.0,0.0,0.0,0.0,0.0,0.0,2018-10-17
"E. Ilyasova, .E. Bledsoe, .J. Henson, .K. Middleton, .G. Antetokounmpo",MIL,1,0.0,0.0,0.0,0.0,0.0,0.0,0.0,0.0,0.0,0.0,0.0,0.0,0.0,0.0,0.0,0.0,0.0,0.0,0.0,0.0,0.0,0.0,2018-10-17
"B. Griffin, .R. Jackson, .A. Drummond, .L. Kennard, .B. Brown",DET,1,8.1,18.0,7.0,15.0,46.7,1.0,2.0,50.0,3.0,4.0,75.0,4.0,5.0,9.0,4.0,4.0,0.0,1.0,1.0,5.0,4.0,-2.0,2018-10-17
"B. Griffin, .I. Smith, .R. Jackson, .A. Drummond, .L. Galloway",DET,1,6.9,12.0,5.0,15.0,33.3,0.0,4.0,0.0,2.0,2.0,100,3.0,5.0,8.0,1.0,3.0,1.0,1.0,2.0,3.0,1.0,-2.0,2018-10-17
"B. Griffin, .R. Jackson, .A. Drummond, .L. Galloway, .L. Kennard",DET,1,4.9,9.0,4.0,7.0,57.1,0.0,0.0,0.0,1.0,2.0,50.0,0.0,3.0,3.0,2.0,1.0,0.0,0.0,1.0,1.0,3.0,2.0,2018-10-17
"B. Griffin, .R. Jackson, .A. Drummond, .G. Robinson III, .L. Galloway",DET,1,4.0,9.0,3.0,7.0,42.9,1.0,2.0,50.0,2.0,2.0,100,1.0,1.0,2.0,1.0,2.0,0.0,0.0,0.0,0.0,3.0,-5.0,2018-10-17
"B. Griffin, .I. Smith, .R. Jackson, .A. Drummond, .B. Brown",DET,1,3.9,10.0,5.0,10.0,50.0,0.0,2.0,0.0,0.0,0.0,0.0,2.0,4.0,6.0,3.0,1.0,0.0,0.0,1.0,3.0,2.0,2.0,2018-10-17
"Z. Pachulia, .I. Smith, .G. Robinson III, .L. Galloway, .Z. Lofton",DET,1,3.8,8.0,3.0,6.0,50.0,1.0,2.0,50.0,1.0,1.0,100,0.0,2.0,2.0,3.0,1.0,2.0,0.0,0.0,2.0,1.0,0.0,2018-10-17
"I. Smith, .A. Drummond, .G. Robinson III, .L. Galloway, .B. Brown",DET,1,2.7,5.0,2.0,5.0,40.0,1.0,3.0,33.3,0.0,0.0,0.0,0.0,0.0,0.0,1.0,1.0,0.0,1.0,0.0,1.0,0.0,-2.0,2018-10-17
"Z. Pachulia, .I. Smith, .G. Robinson III, .L. Galloway, .L. Kennard",DET,1,2.7,2.0,0.0,3.0,0.0,0.0,1.0,0.0,2.0,2.0,100,0.0,1.0,1.0,0.0,2.0,1.0,1.0,0.0,1.0,1.0,-4.0,2018-10-17
"Z. Pachulia, .B. Griffin, .I. Smith, .R. Jackson, .L. Galloway",DET,1,1.9,4.0,2.0,5.0,40.0,0.0,3.0,0.0,0.0,0.0,0.0,1.0,1.0,2.0,0.0,0.0,0.0,0.0,0.0,1.0,2.0,-1.0,2018-10-17
"I. Smith, .A. Drummond, .G. Robinson III, .L. Galloway, .L. Kennard",DET,1,1.7,0.0,0.0,2.0,0.0,0.0,0.0,0.0,0.0,0.0,0.0,0.0,2.0,2.0,0.0,2.0,0.0,1.0,0.0,0.0,0.0,-2.0,2018-10-17
"Z. Pachulia, .I. Smith, .R. Jackson, .G. Robinson III, .B. Brown",DET,1,1.5,2.0,1.0,3.0,33.3,0.0,0.0,0.0,0.0,0.0,0.0,1.0,0.0,1.0,1.0,0.0,0.0,0.0,0.0,1.0,0.0,2.0,2018-10-17
"Z. Pachulia, .B. Griffin, .R. Jackson, .L. Kennard, .B. Brown",DET,1,1.4,6.0,2.0,4.0,50.0,1.0,2.0,50.0,1.0,1.0,100,0.0,2.0,2.0,2.0,0.0,1.0,0.0,0.0,0.0,1.0,6.0,2018-10-17
"Z. Pachulia, .I. Smith, .R. Jackson, .G. Robinson III, .L. Galloway",DET,1,1.4,5.0,2.0,4.0,50.0,0.0,1.0,0.0,1.0,1.0,100,1.0,1.0,2.0,1.0,0.0,0.0,0.0,0.0,1.0,1.0,1.0,2018-10-17
"Z. Pachulia, .B. Griffin, .I. Smith, .G. Robinson III, .L. Galloway",DET,1,1.3,7.0,3.0,3.0,100,1.0,1.0,100,0.0,0.0,0.0,0.0,2.0,2.0,2.0,0.0,0.0,0.0,0.0,0.0,0.0,7.0,2018-10-17
"Z. Pachulia, .B. Griffin, .R. Jackson, .L. Galloway, .B. Brown",DET,1,0.8,1.0,0.0,2.0,0.0,0.0,0.0,0.0,1.0,1.0,100,1.0,1.0,2.0,0.0,0.0,0.0,0.0,0.0,1.0,0.0,-2.0,2018-10-17
"B. Griffin, .I. Smith, .G. Robinson III, .L. Galloway, .L. Kennard",DET,1,0.6,1.0,0.0,1.0,0.0,0.0,1.0,0.0,1.0,2.0,50.0,0.0,0.0,0.0,0.0,0.0,0.0,0.0,0.0,0.0,1.0,-1.0,2018-10-17
"B. Griffin, .I. Smith, .G. Robinson III, .L. Galloway, .B. Brown",DET,1,0.4,2.0,0.0,0.0,0.0,0.0,0.0,0.0,2.0,2.0,100,0.0,1.0,1.0,0.0,0.0,0.0,0.0,0.0,0.0,1.0,2.0,2018-10-17
"B. Griffin, .I. Smith, .R. Jackson, .G. Robinson III, .L. Galloway",DET,1,0.1,2.0,0.0,0.0,0.0,0.0,0.0,0.0,2.0,2.0,100,0.0,1.0,1.0,0.0,0.0,0.0,0.0,0.0,0.0,2.0,2.0,2018-10-17
"B. Griffin, .I. Smith, .A. Drummond, .L. Galloway, .L. Kennard",DET,1,0.0,0.0,0.0,0.0,0.0,0.0,0.0,0.0,0.0,0.0,0.0,0.0,0.0,0.0,0.0,0.0,0.0,0.0,0.0,0.0,0.0,0.0,2018-10-17
"Z. Pachulia, .B. Griffin, .I. Smith, .R. Jackson, .B. Brown",DET,1,0.0,0.0,0.0,0.0,0.0,0.0,0.0,0.0,0.0,0.0,0.0,0.0,0.0,0.0,0.0,0.0,0.0,0.0,0.0,0.0,0.0,0.0,2018-10-17
"J. Dudley, .J. Harris, .D. Russell, .C. LeVert, .J. Allen",BKN,1,14.0,24.0,9.0,24.0,37.5,1.0,9.0,11.1,5.0,6.0,83.3,3.0,8.0,11.0,7.0,5.0,3.0,2.0,1.0,7.0,6.0,-8.0,2018-10-17
"J. Dudley, .S. Dinwiddie, .D. Russell, .C. LeVert, .J. Allen",BKN,1,4.8,9.0,3.0,8.0,37.5,1.0,3.0,33.3,2.0,4.0,50.0,0.0,4.0,4.0,2.0,1.0,0.0,2.0,0.0,1.0,3.0,-3.0,2018-10-17
"J. Dudley, .S. Dinwiddie, .J. Harris, .C. LeVert, .J. Allen",BKN,1,4.5,10.0,3.0,8.0,37.5,1.0,3.0,33.3,3.0,4.0,75.0,2.0,1.0,3.0,3.0,1.0,0.0,1.0,1.0,1.0,3.0,-1.0,2018-10-17
"J. Dudley, .E. Davis, .S. Dinwiddie, .J. Harris, .T. Graham",BKN,1,4.4,9.0,4.0,9.0,44.4,0.0,3.0,0.0,1.0,2.0,50.0,0.0,5.0,5.0,1.0,2.0,3.0,0.0,2.0,0.0,1.0,4.0,2018-10-17
"J. Dudley, .E. Davis, .S. Dinwiddie, .J. Harris, .R. Kurucs",BKN,1,3.8,8.0,4.0,5.0,80.0,0.0,0.0,0.0,0.0,1.0,0.0,0.0,3.0,3.0,3.0,3.0,1.0,0.0,0.0,1.0,2.0,0.0,2018-10-17
"E. Davis, .S. Dinwiddie, .J. Harris, .T. Graham, .R. Kurucs",BKN,1,3.2,9.0,4.0,7.0,57.1,1.0,3.0,33.3,0.0,0.0,0.0,0.0,3.0,3.0,3.0,1.0,0.0,0.0,0.0,1.0,0.0,0.0,2018-10-17
"E. Davis, .S. Dinwiddie, .J. Harris, .D. Russell, .R. Kurucs",BKN,1,2.7,6.0,3.0,5.0,60.0,0.0,1.0,0.0,0.0,0.0,0.0,0.0,3.0,3.0,3.0,2.0,0.0,0.0,1.0,2.0,1.0,3.0,2018-10-17
"J. Dudley, .S. Dinwiddie, .T. Graham, .C. LeVert, .J. Allen",BKN,1,2.6,7.0,3.0,3.0,100,0.0,0.0,0.0,1.0,2.0,50.0,0.0,1.0,1.0,1.0,0.0,0.0,0.0,0.0,0.0,2.0,3.0,2018-10-17
"J. Dudley, .J. Harris, .T. Graham, .C. LeVert, .J. Allen",BKN,1,1.7,2.0,1.0,2.0,50.0,0.0,1.0,0.0,0.0,0.0,0.0,0.0,1.0,1.0,1.0,0.0,0.0,0.0,0.0,1.0,0.0,-1.0,2018-10-17
"E. Davis, .S. Dinwiddie, .J. Harris, .T. Graham, .C. LeVert",BKN,1,1.4,5.0,2.0,3.0,66.7,0.0,1.0,0.0,1.0,1.0,100,0.0,2.0,2.0,1.0,0.0,0.0,0.0,0.0,1.0,1.0,3.0,2018-10-17
"E. Davis, .S. Dinwiddie, .D. Russell, .T. Graham, .C. LeVert",BKN,1,1.3,2.0,1.0,2.0,50.0,0.0,1.0,0.0,0.0,0.0,0.0,0.0,0.0,0.0,0.0,1.0,1.0,0.0,0.0,2.0,0.0,-2.0,2018-10-17
"S. Dinwiddie, .D. Russell, .T. Graham, .C. LeVert, .J. Allen",BKN,1,1.3,4.0,1.0,1.0,100,1.0,1.0,100,1.0,1.0,100,0.0,1.0,1.0,1.0,1.0,0.0,0.0,0.0,2.0,0.0,1.0,2018-10-17
"S. Dinwiddie, .J. Harris, .T. Graham, .C. LeVert, .J. Allen",BKN,1,1.3,3.0,1.0,2.0,50.0,0.0,0.0,0.0,1.0,1.0,100,0.0,1.0,1.0,1.0,1.0,0.0,0.0,0.0,1.0,1.0,0.0,2018-10-17
"E. Davis, .S. Dinwiddie, .D. Russell, .C. LeVert, .R. Kurucs",BKN,1,0.9,2.0,1.0,2.0,50.0,0.0,0.0,0.0,0.0,0.0,0.0,0.0,1.0,1.0,1.0,0.0,1.0,0.0,0.0,1.0,0.0,0.0,2018-10-17
"J. Dudley, .S. Dinwiddie, .J. Harris, .T. Graham, .C. LeVert",BKN,1,0.3,0.0,0.0,1.0,0.0,0.0,1.0,0.0,0.0,0.0,0.0,0.0,0.0,0.0,0.0,1.0,0.0,0.0,0.0,2.0,0.0,-2.0,2018-10-17
"E. Davis, .S. Dinwiddie, .T. Graham, .C. LeVert, .R. Kurucs",BKN,1,0.1,0.0,0.0,0.0,0.0,0.0,0.0,0.0,0.0,0.0,0.0,0.0,0.0,0.0,0.0,0.0,0.0,0.0,0.0,0.0,0.0,0.0,2018-10-17
"E. Davis, .S. Dinwiddie, .J. Harris, .C. LeVert, .J. Allen",BKN,1,0.0,0.0,0.0,0.0,0.0,0.0,0.0,0.0,0.0,0.0,0.0,0.0,0.0,0.0,0.0,0.0,0.0,0.0,0.0,0.0,0.0,0.0,2018-10-17
"E. Davis, .S. Dinwiddie, .J. Harris, .D. Russell, .C. LeVert",BKN,1,0.0,0.0,0.0,0.0,0.0,0.0,0.0,0.0,0.0,0.0,0.0,0.0,0.0,0.0,0.0,0.0,0.0,0.0,0.0,0.0,0.0,0.0,2018-10-17
"J. Dudley, .E. Davis, .J. Harris, .T. Graham, .C. LeVert",BKN,1,0.0,0.0,0.0,0.0,0.0,0.0,0.0,0.0,0.0,0.0,0.0,0.0,0.0,0.0,0.0,0.0,0.0,0.0,0.0,0.0,0.0,0.0,2018-10-17
"J. Dudley, .E. Davis, .S. Dinwiddie, .J. Harris, .J. Allen",BKN,1,0.0,0.0,0.0,0.0,0.0,0.0,0.0,0.0,0.0,0.0,0.0,0.0,0.0,0.0,0.0,0.0,0.0,0.0,0.0,0.0,0.0,0.0,2018-10-17
"S. Dinwiddie, .J. Harris, .D. Russell, .C. LeVert, .J. Allen",BKN,1,0.0,0.0,0.0,0.0,0.0,0.0,0.0,0.0,0.0,0.0,0.0,0.0,0.0,0.0,0.0,0.0,0.0,0.0,0.0,0.0,0.0,0.0,2018-10-17
"C. Paul, .P. Tucker, .J. Harden, .J. Ennis III, .C. Capela",HOU,1,9.3,18.0,7.0,19.0,36.8,3.0,10.0,30.0,1.0,2.0,50.0,4.0,3.0,7.0,4.0,2.0,2.0,0.0,2.0,1.0,5.0,-8.0,2018-10-17
"C. Anthony, .C. Paul, .G. Green, .P. Tucker, .E. Gordon",HOU,1,6.3,17.0,5.0,11.0,45.5,1.0,5.0,20.0,6.0,6.0,100,0.0,4.0,4.0,1.0,0.0,2.0,2.0,0.0,2.0,5.0,-1.0,2018-10-17
"C. Anthony, .C. Paul, .P. Tucker, .E. Gordon, .J. Harden",HOU,1,5.8,12.0,4.0,10.0,40.0,1.0,3.0,33.3,3.0,5.0,60.0,0.0,2.0,2.0,1.0,1.0,0.0,0.0,1.0,3.0,5.0,-9.0,2018-10-17
"P. Tucker, .J. Harden, .M. Carter-Williams, .J. Ennis III, .C. Capela",HOU,1,4.8,10.0,4.0,11.0,36.4,1.0,6.0,16.7,1.0,2.0,50.0,1.0,5.0,6.0,0.0,0.0,2.0,1.0,0.0,1.0,2.0,2.0,2018-10-17
"C. Anthony, .P. Tucker, .E. Gordon, .J. Harden, .M. Carter-Williams",HOU,1,4.5,9.0,3.0,8.0,37.5,2.0,4.0,50.0,1.0,2.0,50.0,0.0,5.0,5.0,3.0,0.0,0.0,1.0,0.0,2.0,2.0,0.0,2018-10-17
"C. Paul, .G. Green, .E. Gordon, .J. Ennis III, .C. Capela",HOU,1,3.3,6.0,2.0,8.0,25.0,2.0,7.0,28.6,0.0,0.0,0.0,0.0,4.0,4.0,2.0,0.0,1.0,0.0,0.0,2.0,1.0,1.0,2018-10-17
"C. Anthony, .E. Gordon, .J. Harden, .M. Carter-Williams, .C. Capela",HOU,1,3.2,8.0,3.0,6.0,50.0,2.0,4.0,50.0,0.0,0.0,0.0,1.0,3.0,4.0,1.0,3.0,0.0,1.0,0.0,2.0,0.0,-4.0,2018-10-17
"C. Anthony, .C. Paul, .J. Harden, .J. Ennis III, .C. Capela",HOU,1,2.3,4.0,2.0,5.0,40.0,0.0,1.0,0.0,0.0,0.0,0.0,2.0,0.0,2.0,1.0,2.0,1.0,0.0,0.0,2.0,0.0,-4.0,2018-10-17
"C. Anthony, .C. Paul, .P. Tucker, .E. Gordon, .M. Carter-Williams",HOU,1,2.1,6.0,2.0,3.0,66.7,1.0,1.0,100,1.0,2.0,50.0,0.0,1.0,1.0,2.0,1.0,0.0,1.0,0.0,2.0,1.0,2.0,2018-10-17
"C. Paul, .E. Gordon, .J. Harden, .J. Ennis III, .C. Capela",HOU,1,1.3,5.0,2.0,2.0,100,0.0,0.0,0.0,1.0,1.0,100,0.0,2.0,2.0,2.0,1.0,0.0,0.0,0.0,1.0,1.0,3.0,2018-10-17
"C. Anthony, .C. Paul, .E. Gordon, .J. Harden, .C. Capela",HOU,1,1.2,4.0,0.0,1.0,0.0,0.0,1.0,0.0,4.0,4.0,100,0.0,0.0,0.0,0.0,1.0,0.0,0.0,0.0,1.0,2.0,-2.0,2018-10-17
"G. Green, .M. Carter-Williams, .J. Ennis III, .I. Hartenstein, .G. Clark",HOU,1,0.9,3.0,1.0,3.0,33.3,1.0,3.0,33.3,0.0,0.0,0.0,0.0,0.0,0.0,1.0,1.0,0.0,0.0,0.0,0.0,0.0,3.0,2018-10-17
"C. Anthony, .E. Gordon, .J. Harden, .J. Ennis III, .C. Capela",HOU,1,0.8,2.0,1.0,1.0,100,0.0,0.0,0.0,0.0,0.0,0.0,0.0,0.0,0.0,1.0,0.0,0.0,0.0,0.0,0.0,1.0,-2.0,2018-10-17
"P. Tucker, .E. Gordon, .J. Harden, .M. Carter-Williams, .J. Ennis III",HOU,1,0.8,3.0,1.0,2.0,50.0,1.0,2.0,50.0,0.0,0.0,0.0,0.0,0.0,0.0,1.0,0.0,0.0,1.0,0.0,0.0,0.0,1.0,2018-10-17
"C. Anthony, .P. Tucker, .J. Harden, .M. Carter-Williams, .J. Ennis III",HOU,1,0.7,2.0,1.0,1.0,100,0.0,0.0,0.0,0.0,0.0,0.0,0.0,0.0,0.0,1.0,0.0,0.0,0.0,0.0,1.0,0.0,0.0,2018-10-17
"C. Paul, .M. Carter-Williams, .J. Ennis III, .I. Hartenstein, .G. Clark",HOU,1,0.7,3.0,1.0,1.0,100,1.0,1.0,100,0.0,0.0,0.0,0.0,0.0,0.0,0.0,0.0,0.0,0.0,0.0,1.0,0.0,-1.0,2018-10-17
"C. Anthony, .C. Paul, .J. Harden, .M. Carter-Williams, .C. Capela",HOU,1,0.0,0.0,0.0,0.0,0.0,0.0,0.0,0.0,0.0,0.0,0.0,0.0,0.0,0.0,0.0,0.0,0.0,0.0,0.0,1.0,0.0,0.0,2018-10-17
"C. Anthony, .C. Paul, .P. Tucker, .J. Harden, .J. Ennis III",HOU,1,0.0,0.0,0.0,0.0,0.0,0.0,0.0,0.0,0.0,0.0,0.0,0.0,0.0,0.0,0.0,0.0,0.0,0.0,0.0,0.0,0.0,0.0,2018-10-17
"C. Paul, .G. Green, .P. Tucker, .E. Gordon, .C. Capela",HOU,1,0.0,0.0,0.0,0.0,0.0,0.0,0.0,0.0,0.0,0.0,0.0,0.0,0.0,0.0,0.0,0.0,0.0,0.0,0.0,0.0,0.0,0.0,2018-10-17
"C. Paul, .P. Tucker, .E. Gordon, .J. Harden, .C. Capela",HOU,1,0.0,0.0,0.0,0.0,0.0,0.0,0.0,0.0,0.0,0.0,0.0,0.0,0.0,0.0,0.0,0.0,0.0,0.0,0.0,0.0,0.0,0.0,2018-10-17
"C. Paul, .P. Tucker, .E. Gordon, .J. Harden, .G. Clark",HOU,1,0.0,0.0,0.0,0.0,0.0,0.0,0.0,0.0,0.0,0.0,0.0,0.0,0.0,0.0,0.0,0.0,0.0,0.0,0.0,0.0,0.0,0.0,2018-10-17
"C. Paul, .P. Tucker, .J. Ennis III, .I. Hartenstein, .G. Clark",HOU,1,0.0,0.0,0.0,0.0,0.0,0.0,0.0,0.0,0.0,0.0,0.0,0.0,0.0,0.0,0.0,0.0,0.0,0.0,0.0,0.0,0.0,0.0,2018-10-17
"C. Paul, .P. Tucker, .J. Harden, .I. Hartenstein, .G. Clark",HOU,1,0.0,0.0,0.0,0.0,0.0,0.0,0.0,0.0,0.0,0.0,0.0,0.0,0.0,0.0,0.0,0.0,0.0,0.0,0.0,0.0,0.0,0.0,2018-10-17
"G. Green, .E. Gordon, .J. Harden, .J. Ennis III, .C. Capela",HOU,1,0.0,0.0,0.0,0.0,0.0,0.0,0.0,0.0,0.0,0.0,0.0,0.0,0.0,0.0,0.0,0.0,0.0,0.0,0.0,0.0,0.0,0.0,2018-10-17
"G. Green, .J. Harden, .M. Carter-Williams, .J. Ennis III, .C. Capela",HOU,1,0.0,0.0,0.0,0.0,0.0,0.0,0.0,0.0,0.0,0.0,0.0,0.0,0.0,0.0,0.0,0.0,0.0,0.0,0.0,0.0,0.0,0.0,2018-10-17
"J. Holiday, .N. Mirotic, .E. Moore, .A. Davis, .E. Payton",NOP,1,19.3,56.0,22.0,39.0,56.4,6.0,13.0,46.2,6.0,6.0,100,7.0,14.0,21.0,17.0,3.0,3.0,3.0,0.0,10.0,7.0,16.0,2018-10-17
"J. Holiday, .N. Mirotic, .D. Miller, .S. Hill, .J. Randle",NOP,1,5.8,16.0,6.0,16.0,37.5,2.0,4.0,50.0,2.0,2.0,100,5.0,2.0,7.0,3.0,2.0,0.0,0.0,3.0,5.0,3.0,-3.0,2018-10-17
"J. Holiday, .E. Moore, .A. Davis, .E. Payton, .J. Randle",NOP,1,5.7,20.0,7.0,10.0,70.0,0.0,2.0,0.0,6.0,6.0,100,1.0,4.0,5.0,7.0,0.0,3.0,0.0,1.0,5.0,4.0,9.0,2018-10-17
"E. Moore, .A. Davis, .D. Miller, .E. Payton, .J. Randle",NOP,1,3.6,13.0,6.0,8.0,75.0,1.0,1.0,100,0.0,1.0,0.0,0.0,5.0,5.0,4.0,1.0,0.0,0.0,0.0,1.0,2.0,4.0,2018-10-17
"J. Holiday, .A. Davis, .D. Miller, .S. Hill, .J. Randle",NOP,1,3.1,5.0,2.0,7.0,28.6,1.0,2.0,50.0,0.0,1.0,0.0,0.0,6.0,6.0,1.0,2.0,0.0,0.0,0.0,1.0,2.0,-3.0,2018-10-17
"A. Davis, .D. Miller, .S. Hill, .E. Payton, .J. Randle",NOP,1,2.1,0.0,0.0,3.0,0.0,0.0,1.0,0.0,0.0,0.0,0.0,0.0,2.0,2.0,0.0,1.0,0.0,0.0,1.0,1.0,0.0,-5.0,2018-10-17
"E. Moore, .J. Okafor, .C. Diallo, .F. Jackson, .K. Williams",NOP,1,1.6,4.0,1.0,1.0,100,0.0,0.0,0.0,2.0,2.0,100,0.0,2.0,2.0,0.0,2.0,1.0,0.0,0.0,0.0,1.0,-2.0,2018-10-17
"J. Holiday, .N. Mirotic, .E. Moore, .E. Payton, .J. Randle",NOP,1,1.5,5.0,2.0,3.0,66.7,0.0,1.0,0.0,1.0,2.0,50.0,0.0,1.0,1.0,1.0,0.0,0.0,0.0,0.0,1.0,1.0,1.0,2018-10-17
"J. Holiday, .A. Davis, .D. Miller, .E. Payton, .J. Randle",NOP,1,1.4,2.0,1.0,2.0,50.0,0.0,0.0,0.0,0.0,2.0,0.0,0.0,1.0,1.0,0.0,0.0,0.0,0.0,1.0,1.0,1.0,-2.0,2018-10-17
"N. Mirotic, .E. Moore, .A. Davis, .D. Miller, .E. Payton",NOP,1,1.4,2.0,1.0,2.0,50.0,0.0,0.0,0.0,0.0,0.0,0.0,0.0,0.0,0.0,0.0,1.0,0.0,0.0,1.0,0.0,0.0,-2.0,2018-10-17
"N. Mirotic, .A. Davis, .D. Miller, .S. Hill, .E. Payton",NOP,1,1.0,0.0,0.0,1.0,0.0,0.0,0.0,0.0,0.0,0.0,0.0,0.0,1.0,1.0,0.0,0.0,0.0,0.0,0.0,0.0,1.0,-2.0,2018-10-17
"J. Holiday, .N. Mirotic, .A. Davis, .D. Miller, .E. Payton",NOP,1,0.8,4.0,2.0,3.0,66.7,0.0,0.0,0.0,0.0,0.0,0.0,1.0,1.0,2.0,1.0,0.0,1.0,0.0,0.0,0.0,0.0,4.0,2018-10-17
"J. Holiday, .E. Moore, .A. Davis, .D. Miller, .J. Randle",NOP,1,0.6,4.0,2.0,3.0,66.7,0.0,1.0,0.0,0.0,0.0,0.0,0.0,1.0,1.0,2.0,0.0,0.0,0.0,0.0,0.0,0.0,4.0,2018-10-17
"E. Moore, .A. Davis, .E. Payton, .J. Randle, .K. Williams",NOP,1,0.0,0.0,0.0,0.0,0.0,0.0,0.0,0.0,0.0,0.0,0.0,0.0,0.0,0.0,0.0,0.0,0.0,0.0,0.0,0.0,0.0,0.0,2018-10-17
"E. Moore, .A. Davis, .S. Hill, .E. Payton, .J. Randle",NOP,1,0.0,0.0,0.0,0.0,0.0,0.0,0.0,0.0,0.0,0.0,0.0,0.0,0.0,0.0,0.0,0.0,0.0,0.0,0.0,0.0,0.0,0.0,2018-10-17
"E. Moore, .E. Payton, .J. Okafor, .F. Jackson, .K. Williams",NOP,1,0.0,0.0,0.0,0.0,0.0,0.0,0.0,0.0,0.0,0.0,0.0,0.0,0.0,0.0,0.0,0.0,0.0,0.0,0.0,0.0,0.0,0.0,2018-10-17
"E. Moore, .E. Payton, .J. Randle, .F. Jackson, .K. Williams",NOP,1,0.0,0.0,0.0,0.0,0.0,0.0,0.0,0.0,0.0,0.0,0.0,0.0,0.0,0.0,0.0,0.0,0.0,0.0,0.0,0.0,0.0,0.0,2018-10-17
"N. Mirotic, .A. Davis, .D. Miller, .S. Hill, .J. Randle",NOP,1,0.0,0.0,0.0,0.0,0.0,0.0,0.0,0.0,0.0,0.0,0.0,0.0,0.0,0.0,0.0,0.0,0.0,0.0,0.0,0.0,0.0,0.0,2018-10-17
"N. Mirotic, .E. Moore, .A. Davis, .D. Miller, .J. Randle",NOP,1,0.0,0.0,0.0,0.0,0.0,0.0,0.0,0.0,0.0,0.0,0.0,0.0,0.0,0.0,0.0,0.0,0.0,0.0,0.0,0.0,0.0,0.0,2018-10-17
"N. Mirotic, .E. Moore, .D. Miller, .S. Hill, .J. Randle",NOP,1,0.0,0.0,0.0,0.0,0.0,0.0,0.0,0.0,0.0,0.0,0.0,0.0,0.0,0.0,0.0,0.0,0.0,0.0,0.0,0.0,0.0,0.0,2018-10-17
